[{"model": "admin.logentry", "pk": 1, "fields": {"action_time": "2022-09-05T14:54:59.897Z", "user": 1, "content_type": 7, "object_id": "1", "object_repr": "gkireland.example.com", "action_flag": 2, "change_message": "[{\"changed\": {\"fields\": [\"Domain name\", \"Display name\"]}}]"}}, {"model": "admin.logentry", "pk": 2, "fields": {"action_time": "2022-09-05T15:02:50.263Z", "user": 1, "content_type": 8, "object_id": "1", "object_repr": "admin@example.com", "action_flag": 1, "change_message": "[{\"added\": {}}]"}}, {"model": "admin.logentry", "pk": 3, "fields": {"action_time": "2022-09-06T12:45:07.764Z", "user": 1, "content_type": 13, "object_id": "1", "object_repr": "adult_gloves", "action_flag": 1, "change_message": "[{\"added\": {}}]"}}, {"model": "admin.logentry", "pk": 4, "fields": {"action_time": "2022-09-06T12:45:25.364Z", "user": 1, "content_type": 13, "object_id": "2", "object_repr": "kids_gloves", "action_flag": 1, "change_message": "[{\"added\": {}}]"}}, {"model": "admin.logentry", "pk": 5, "fields": {"action_time": "2022-09-06T12:45:35.486Z", "user": 1, "content_type": 13, "object_id": "3", "object_repr": "pants", "action_flag": 1, "change_message": "[{\"added\": {}}]"}}, {"model": "admin.logentry", "pk": 6, "fields": {"action_time": "2022-09-06T12:45:42.228Z", "user": 1, "content_type": 13, "object_id": "4", "object_repr": "caps", "action_flag": 1, "change_message": "[{\"added\": {}}]"}}, {"model": "admin.logentry", "pk": 7, "fields": {"action_time": "2022-09-06T12:45:56.334Z", "user": 1, "content_type": 13, "object_id": "5", "object_repr": "new_arrivals", "action_flag": 1, "change_message": "[{\"added\": {}}]"}}, {"model": "admin.logentry", "pk": 8, "fields": {"action_time": "2022-09-06T12:47:08.151Z", "user": 1, "content_type": 13, "object_id": "6", "object_repr": "deals", "action_flag": 1, "change_message": "[{\"added\": {}}]"}}, {"model": "admin.logentry", "pk": 9, "fields": {"action_time": "2022-09-06T12:51:40.124Z", "user": 1, "content_type": 14, "object_id": "1", "object_repr": "Nike GK Phantom Elite", "action_flag": 1, "change_message": "[{\"added\": {}}]"}}, {"model": "admin.logentry", "pk": 10, "fields": {"action_time": "2022-09-06T12:51:49.193Z", "user": 1, "content_type": 14, "object_id": "1", "object_repr": "Nike GK Phantom Elite", "action_flag": 2, "change_message": "[]"}}, {"model": "admin.logentry", "pk": 11, "fields": {"action_time": "2022-09-06T12:53:41.939Z", "user": 1, "content_type": 14, "object_id": "2", "object_repr": "Nike GK Vapor Grip", "action_flag": 1, "change_message": "[{\"added\": {}}]"}}, {"model": "admin.logentry", "pk": 12, "fields": {"action_time": "2022-09-06T12:56:05.839Z", "user": 1, "content_type": 14, "object_id": "3", "object_repr": "Nike GK Grip", "action_flag": 1, "change_message": "[{\"added\": {}}]"}}, {"model": "admin.logentry", "pk": 13, "fields": {"action_time": "2022-09-06T12:58:45.866Z", "user": 1, "content_type": 14, "object_id": "4", "object_repr": "adidas X GL League", "action_flag": 1, "change_message": "[{\"added\": {}}]"}}, {"model": "admin.logentry", "pk": 14, "fields": {"action_time": "2022-09-06T12:59:04.638Z", "user": 1, "content_type": 14, "object_id": "4", "object_repr": "adidas X GL League", "action_flag": 2, "change_message": "[]"}}, {"model": "admin.logentry", "pk": 15, "fields": {"action_time": "2022-09-06T13:00:32.648Z", "user": 1, "content_type": 14, "object_id": "5", "object_repr": "adidas X GL Training", "action_flag": 1, "change_message": "[{\"added\": {}}]"}}, {"model": "admin.logentry", "pk": 16, "fields": {"action_time": "2022-09-06T13:02:08.489Z", "user": 1, "content_type": 14, "object_id": "6", "object_repr": "Adidas Predator GL Pro", "action_flag": 1, "change_message": "[{\"added\": {}}]"}}, {"model": "admin.logentry", "pk": 17, "fields": {"action_time": "2022-09-06T13:03:43.359Z", "user": 1, "content_type": 14, "object_id": "7", "object_repr": "Puma Ultra Grip Hybrid", "action_flag": 1, "change_message": "[{\"added\": {}}]"}}, {"model": "admin.logentry", "pk": 18, "fields": {"action_time": "2022-09-06T13:05:33.235Z", "user": 1, "content_type": 14, "object_id": "8", "object_repr": "Puma Ultra Protect 2 RC", "action_flag": 1, "change_message": "[{\"added\": {}}]"}}, {"model": "admin.logentry", "pk": 19, "fields": {"action_time": "2022-09-06T13:06:56.764Z", "user": 1, "content_type": 14, "object_id": "9", "object_repr": "Puma Future Z One Grip 3 NC", "action_flag": 1, "change_message": "[{\"added\": {}}]"}}, {"model": "admin.logentry", "pk": 20, "fields": {"action_time": "2022-09-06T13:07:09.605Z", "user": 1, "content_type": 14, "object_id": "9", "object_repr": "Puma Future Z One Grip 3 NC", "action_flag": 2, "change_message": "[{\"changed\": {\"fields\": [\"Category\"]}}]"}}, {"model": "admin.logentry", "pk": 21, "fields": {"action_time": "2022-09-06T13:07:12.569Z", "user": 1, "content_type": 14, "object_id": "8", "object_repr": "Puma Ultra Protect 2 RC", "action_flag": 2, "change_message": "[]"}}, {"model": "admin.logentry", "pk": 22, "fields": {"action_time": "2022-09-06T13:09:16.468Z", "user": 1, "content_type": 14, "object_id": "10", "object_repr": "AB1 Undici Pro Roll", "action_flag": 1, "change_message": "[{\"added\": {}}]"}}, {"model": "admin.logentry", "pk": 23, "fields": {"action_time": "2022-09-06T13:10:40.187Z", "user": 1, "content_type": 14, "object_id": "11", "object_repr": "AB1 Uno 2.0.1 Lite Pro", "action_flag": 1, "change_message": "[{\"added\": {}}]"}}, {"model": "admin.logentry", "pk": 24, "fields": {"action_time": "2022-09-06T13:12:08.691Z", "user": 1, "content_type": 14, "object_id": "12", "object_repr": "AB1 Undici 2.0 Galactico", "action_flag": 1, "change_message": "[{\"added\": {}}]"}}, {"model": "admin.logentry", "pk": 25, "fields": {"action_time": "2022-09-06T13:14:25.059Z", "user": 1, "content_type": 14, "object_id": "13", "object_repr": "Nike Kids GK Match 1", "action_flag": 1, "change_message": "[{\"added\": {}}]"}}, {"model": "admin.logentry", "pk": 26, "fields": {"action_time": "2022-09-06T13:14:28.453Z", "user": 1, "content_type": 14, "object_id": "12", "object_repr": "AB1 Undici 2.0 Galactico", "action_flag": 2, "change_message": "[]"}}, {"model": "admin.logentry", "pk": 27, "fields": {"action_time": "2022-09-06T13:15:04.193Z", "user": 1, "content_type": 14, "object_id": "1", "object_repr": "Nike GK Phantom Elite", "action_flag": 2, "change_message": "[{\"changed\": {\"fields\": [\"Image\"]}}]"}}, {"model": "admin.logentry", "pk": 28, "fields": {"action_time": "2022-09-06T13:15:09.918Z", "user": 1, "content_type": 14, "object_id": "1", "object_repr": "Nike GK Phantom Elite", "action_flag": 2, "change_message": "[]"}}, {"model": "admin.logentry", "pk": 29, "fields": {"action_time": "2022-09-06T13:15:19.950Z", "user": 1, "content_type": 14, "object_id": "13", "object_repr": "Nike Kids GK Match 1", "action_flag": 2, "change_message": "[]"}}, {"model": "admin.logentry", "pk": 30, "fields": {"action_time": "2022-09-06T13:18:11.265Z", "user": 1, "content_type": 14, "object_id": "14", "object_repr": "adidas Kids X GL League", "action_flag": 1, "change_message": "[{\"added\": {}}]"}}, {"model": "admin.logentry", "pk": 31, "fields": {"action_time": "2022-09-06T13:19:35.166Z", "user": 1, "content_type": 14, "object_id": "15", "object_repr": "adidas Kids Predator GL Pro", "action_flag": 1, "change_message": "[{\"added\": {}}]"}}, {"model": "admin.logentry", "pk": 32, "fields": {"action_time": "2022-09-06T13:20:56.683Z", "user": 1, "content_type": 14, "object_id": "16", "object_repr": "Puma Kids Ultra Grip 2 RC", "action_flag": 1, "change_message": "[{\"added\": {}}]"}}, {"model": "admin.logentry", "pk": 33, "fields": {"action_time": "2022-09-06T13:22:31.053Z", "user": 1, "content_type": 14, "object_id": "17", "object_repr": "Puma Ultra Grip 1 Junior RC", "action_flag": 1, "change_message": "[{\"added\": {}}]"}}, {"model": "admin.logentry", "pk": 34, "fields": {"action_time": "2022-09-06T13:24:28.799Z", "user": 1, "content_type": 14, "object_id": "18", "object_repr": "AB1 Kids Undici THG Pro Roll", "action_flag": 1, "change_message": "[{\"added\": {}}]"}}, {"model": "admin.logentry", "pk": 35, "fields": {"action_time": "2022-09-06T13:26:38.243Z", "user": 1, "content_type": 14, "object_id": "19", "object_repr": "adidas Tierro GK Pants", "action_flag": 1, "change_message": "[{\"added\": {}}]"}}, {"model": "admin.logentry", "pk": 36, "fields": {"action_time": "2022-09-06T13:28:24.726Z", "user": 1, "content_type": 14, "object_id": "20", "object_repr": "adidas Tierro 3/4 Length GK Pants", "action_flag": 1, "change_message": "[{\"added\": {}}]"}}, {"model": "admin.logentry", "pk": 37, "fields": {"action_time": "2022-09-06T13:29:55.339Z", "user": 1, "content_type": 14, "object_id": "21", "object_repr": "Nike Dry Gardien I Padded GK Pants", "action_flag": 1, "change_message": "[{\"added\": {}}]"}}, {"model": "admin.logentry", "pk": 38, "fields": {"action_time": "2022-09-06T13:31:35.163Z", "user": 1, "content_type": 14, "object_id": "22", "object_repr": "G-Form Pro-X Pants", "action_flag": 1, "change_message": "[{\"added\": {}}]"}}, {"model": "admin.logentry", "pk": 39, "fields": {"action_time": "2022-09-06T13:33:58.287Z", "user": 1, "content_type": 14, "object_id": "23", "object_repr": "Nike Aerobill Tailwind Elite Cap", "action_flag": 1, "change_message": "[{\"added\": {}}]"}}, {"model": "admin.logentry", "pk": 40, "fields": {"action_time": "2022-09-06T13:35:40.541Z", "user": 1, "content_type": 14, "object_id": "24", "object_repr": "Nike Sporstwear H86 Cap Essential Swoosh", "action_flag": 1, "change_message": "[{\"added\": {}}]"}}, {"model": "admin.logentry", "pk": 41, "fields": {"action_time": "2022-09-06T13:37:29.960Z", "user": 1, "content_type": 14, "object_id": "25", "object_repr": "adidas 21/22 Real Madrid Training cap", "action_flag": 1, "change_message": "[{\"added\": {}}]"}}, {"model": "admin.logentry", "pk": 42, "fields": {"action_time": "2022-09-06T13:39:05.635Z", "user": 1, "content_type": 14, "object_id": "26", "object_repr": "adidas Manchester United 21/22 Training cap", "action_flag": 1, "change_message": "[{\"added\": {}}]"}}, {"model": "admin.logentry", "pk": 43, "fields": {"action_time": "2022-09-06T13:39:08.799Z", "user": 1, "content_type": 14, "object_id": "25", "object_repr": "adidas 21/22 Real Madrid Training cap", "action_flag": 2, "change_message": "[]"}}, {"model": "admin.logentry", "pk": 44, "fields": {"action_time": "2022-09-06T13:40:47.793Z", "user": 1, "content_type": 14, "object_id": "27", "object_repr": "Puma KRU E Sports Cap", "action_flag": 1, "change_message": "[{\"added\": {}}]"}}, {"model": "admin.logentry", "pk": 45, "fields": {"action_time": "2022-09-06T13:42:19.026Z", "user": 1, "content_type": 14, "object_id": "28", "object_repr": "Puma AC Milan 22/23 Football Culture Cap", "action_flag": 1, "change_message": "[{\"added\": {}}]"}}, {"model": "admin.logentry", "pk": 46, "fields": {"action_time": "2022-09-06T13:53:56.800Z", "user": 1, "content_type": 13, "object_id": "6", "object_repr": "deals", "action_flag": 3, "change_message": ""}}, {"model": "admin.logentry", "pk": 47, "fields": {"action_time": "2022-09-06T13:53:56.810Z", "user": 1, "content_type": 13, "object_id": "5", "object_repr": "new_arrivals", "action_flag": 3, "change_message": ""}}, {"model": "admin.logentry", "pk": 48, "fields": {"action_time": "2022-09-09T11:10:42.094Z", "user": 1, "content_type": 13, "object_id": "5", "object_repr": "Kid's Gloves", "action_flag": 1, "change_message": "[{\"added\": {}}]"}}, {"model": "admin.logentry", "pk": 49, "fields": {"action_time": "2022-09-09T11:10:59.195Z", "user": 1, "content_type": 13, "object_id": "5", "object_repr": "Kid's Gloves", "action_flag": 3, "change_message": ""}}, {"model": "admin.logentry", "pk": 50, "fields": {"action_time": "2022-09-09T11:22:29.498Z", "user": 1, "content_type": 13, "object_id": "4", "object_repr": "caps", "action_flag": 2, "change_message": "[]"}}, {"model": "admin.logentry", "pk": 51, "fields": {"action_time": "2022-09-09T11:33:48.822Z", "user": 1, "content_type": 13, "object_id": "2", "object_repr": "Kids Gloves", "action_flag": 2, "change_message": "[{\"changed\": {\"fields\": [\"Name\"]}}]"}}, {"model": "admin.logentry", "pk": 52, "fields": {"action_time": "2022-09-09T11:34:07.273Z", "user": 1, "content_type": 13, "object_id": "2", "object_repr": "Kids Gloves", "action_flag": 2, "change_message": "[]"}}, {"model": "admin.logentry", "pk": 53, "fields": {"action_time": "2022-09-09T11:34:13.832Z", "user": 1, "content_type": 13, "object_id": "4", "object_repr": "Caps", "action_flag": 2, "change_message": "[{\"changed\": {\"fields\": [\"Name\"]}}]"}}, {"model": "admin.logentry", "pk": 54, "fields": {"action_time": "2022-09-09T11:34:19.210Z", "user": 1, "content_type": 13, "object_id": "3", "object_repr": "Pants", "action_flag": 2, "change_message": "[{\"changed\": {\"fields\": [\"Name\"]}}]"}}, {"model": "admin.logentry", "pk": 55, "fields": {"action_time": "2022-09-09T11:34:28.994Z", "user": 1, "content_type": 13, "object_id": "1", "object_repr": "Adult Gloves", "action_flag": 2, "change_message": "[{\"changed\": {\"fields\": [\"Name\"]}}]"}}, {"model": "admin.logentry", "pk": 56, "fields": {"action_time": "2022-09-09T11:39:22.738Z", "user": 1, "content_type": 13, "object_id": "2", "object_repr": "Kids", "action_flag": 2, "change_message": "[{\"changed\": {\"fields\": [\"Name\"]}}]"}}, {"model": "admin.logentry", "pk": 57, "fields": {"action_time": "2022-09-09T11:39:27.497Z", "user": 1, "content_type": 13, "object_id": "1", "object_repr": "Adults", "action_flag": 2, "change_message": "[{\"changed\": {\"fields\": [\"Name\"]}}]"}}, {"model": "admin.logentry", "pk": 58, "fields": {"action_time": "2022-09-09T19:00:57.270Z", "user": 1, "content_type": 14, "object_id": "23", "object_repr": "Nike Aerobill Tailwind Elite Cap", "action_flag": 2, "change_message": "[{\"changed\": {\"fields\": [\"Has sizes\"]}}]"}}, {"model": "admin.logentry", "pk": 59, "fields": {"action_time": "2022-09-09T19:01:01.060Z", "user": 1, "content_type": 14, "object_id": "23", "object_repr": "Nike Aerobill Tailwind Elite Cap", "action_flag": 2, "change_message": "[]"}}, {"model": "admin.logentry", "pk": 60, "fields": {"action_time": "2022-09-09T19:01:07.412Z", "user": 1, "content_type": 14, "object_id": "23", "object_repr": "Nike Aerobill Tailwind Elite Cap", "action_flag": 2, "change_message": "[]"}}, {"model": "admin.logentry", "pk": 61, "fields": {"action_time": "2022-09-09T19:01:11.280Z", "user": 1, "content_type": 14, "object_id": "24", "object_repr": "Nike Sporstwear H86 Cap Essential Swoosh", "action_flag": 2, "change_message": "[{\"changed\": {\"fields\": [\"Has sizes\"]}}]"}}, {"model": "admin.logentry", "pk": 62, "fields": {"action_time": "2022-09-09T19:01:16.131Z", "user": 1, "content_type": 14, "object_id": "25", "object_repr": "adidas 21/22 Real Madrid Training cap", "action_flag": 2, "change_message": "[{\"changed\": {\"fields\": [\"Has sizes\"]}}]"}}, {"model": "admin.logentry", "pk": 63, "fields": {"action_time": "2022-09-09T19:01:23.563Z", "user": 1, "content_type": 14, "object_id": "26", "object_repr": "adidas Manchester United 21/22 Training cap", "action_flag": 2, "change_message": "[{\"changed\": {\"fields\": [\"Has sizes\"]}}]"}}, {"model": "admin.logentry", "pk": 64, "fields": {"action_time": "2022-09-09T19:01:28.718Z", "user": 1, "content_type": 14, "object_id": "27", "object_repr": "Puma KRU E Sports Cap", "action_flag": 2, "change_message": "[{\"changed\": {\"fields\": [\"Has sizes\"]}}]"}}, {"model": "admin.logentry", "pk": 65, "fields": {"action_time": "2022-09-09T19:01:33.865Z", "user": 1, "content_type": 14, "object_id": "28", "object_repr": "Puma AC Milan 22/23 Football Culture Cap", "action_flag": 2, "change_message": "[{\"changed\": {\"fields\": [\"Has sizes\"]}}]"}}, {"model": "admin.logentry", "pk": 66, "fields": {"action_time": "2022-09-09T19:01:40.391Z", "user": 1, "content_type": 14, "object_id": "8", "object_repr": "Puma Ultra Protect 2 RC", "action_flag": 2, "change_message": "[{\"changed\": {\"fields\": [\"Has sizes\"]}}]"}}, {"model": "admin.logentry", "pk": 67, "fields": {"action_time": "2022-09-09T19:01:47.300Z", "user": 1, "content_type": 14, "object_id": "1", "object_repr": "Nike GK Phantom Elite", "action_flag": 2, "change_message": "[{\"changed\": {\"fields\": [\"Has sizes\"]}}]"}}, {"model": "admin.logentry", "pk": 68, "fields": {"action_time": "2022-09-09T19:01:52.585Z", "user": 1, "content_type": 14, "object_id": "10", "object_repr": "AB1 Undici Pro Roll", "action_flag": 2, "change_message": "[{\"changed\": {\"fields\": [\"Has sizes\"]}}]"}}, {"model": "admin.logentry", "pk": 69, "fields": {"action_time": "2022-09-09T19:02:01.569Z", "user": 1, "content_type": 14, "object_id": "11", "object_repr": "AB1 Uno 2.0.1 Lite Pro", "action_flag": 2, "change_message": "[{\"changed\": {\"fields\": [\"Has sizes\"]}}]"}}, {"model": "admin.logentry", "pk": 70, "fields": {"action_time": "2022-09-09T19:02:08.069Z", "user": 1, "content_type": 14, "object_id": "12", "object_repr": "AB1 Undici 2.0 Galactico", "action_flag": 2, "change_message": "[{\"changed\": {\"fields\": [\"Has sizes\"]}}]"}}, {"model": "admin.logentry", "pk": 71, "fields": {"action_time": "2022-09-09T19:02:15.919Z", "user": 1, "content_type": 14, "object_id": "13", "object_repr": "Nike Kids GK Match 1", "action_flag": 2, "change_message": "[{\"changed\": {\"fields\": [\"Has sizes\"]}}]"}}, {"model": "admin.logentry", "pk": 72, "fields": {"action_time": "2022-09-09T19:02:21.766Z", "user": 1, "content_type": 14, "object_id": "14", "object_repr": "adidas Kids X GL League", "action_flag": 2, "change_message": "[{\"changed\": {\"fields\": [\"Has sizes\"]}}]"}}, {"model": "admin.logentry", "pk": 73, "fields": {"action_time": "2022-09-09T19:02:26.920Z", "user": 1, "content_type": 14, "object_id": "15", "object_repr": "adidas Kids Predator GL Pro", "action_flag": 2, "change_message": "[{\"changed\": {\"fields\": [\"Has sizes\"]}}]"}}, {"model": "admin.logentry", "pk": 74, "fields": {"action_time": "2022-09-09T19:02:34.182Z", "user": 1, "content_type": 14, "object_id": "16", "object_repr": "Puma Kids Ultra Grip 2 RC", "action_flag": 2, "change_message": "[{\"changed\": {\"fields\": [\"Has sizes\"]}}]"}}, {"model": "admin.logentry", "pk": 75, "fields": {"action_time": "2022-09-09T19:02:43.627Z", "user": 1, "content_type": 14, "object_id": "17", "object_repr": "Puma Ultra Grip 1 Junior RC", "action_flag": 2, "change_message": "[{\"changed\": {\"fields\": [\"Has sizes\"]}}]"}}, {"model": "admin.logentry", "pk": 76, "fields": {"action_time": "2022-09-09T19:02:54.929Z", "user": 1, "content_type": 14, "object_id": "17", "object_repr": "Puma Ultra Grip 1 Junior RC", "action_flag": 2, "change_message": "[]"}}, {"model": "admin.logentry", "pk": 77, "fields": {"action_time": "2022-09-09T19:03:01.712Z", "user": 1, "content_type": 14, "object_id": "18", "object_repr": "AB1 Kids Undici THG Pro Roll", "action_flag": 2, "change_message": "[{\"changed\": {\"fields\": [\"Has sizes\"]}}]"}}, {"model": "admin.logentry", "pk": 78, "fields": {"action_time": "2022-09-09T19:03:39.844Z", "user": 1, "content_type": 14, "object_id": "2", "object_repr": "Nike GK Vapor Grip", "action_flag": 2, "change_message": "[{\"changed\": {\"fields\": [\"Has sizes\"]}}]"}}, {"model": "admin.logentry", "pk": 79, "fields": {"action_time": "2022-09-09T19:03:46.710Z", "user": 1, "content_type": 14, "object_id": "4", "object_repr": "adidas X GL League", "action_flag": 2, "change_message": "[{\"changed\": {\"fields\": [\"Has sizes\"]}}]"}}, {"model": "admin.logentry", "pk": 80, "fields": {"action_time": "2022-09-09T19:03:53.114Z", "user": 1, "content_type": 14, "object_id": "3", "object_repr": "Nike GK Grip", "action_flag": 2, "change_message": "[{\"changed\": {\"fields\": [\"Has sizes\"]}}]"}}, {"model": "admin.logentry", "pk": 81, "fields": {"action_time": "2022-09-09T19:03:59.871Z", "user": 1, "content_type": 14, "object_id": "5", "object_repr": "adidas X GL Training", "action_flag": 2, "change_message": "[{\"changed\": {\"fields\": [\"Has sizes\"]}}]"}}, {"model": "admin.logentry", "pk": 82, "fields": {"action_time": "2022-09-09T19:04:06.274Z", "user": 1, "content_type": 14, "object_id": "6", "object_repr": "Adidas Predator GL Pro", "action_flag": 2, "change_message": "[{\"changed\": {\"fields\": [\"Has sizes\"]}}]"}}, {"model": "admin.logentry", "pk": 83, "fields": {"action_time": "2022-09-09T19:04:12.153Z", "user": 1, "content_type": 14, "object_id": "7", "object_repr": "Puma Ultra Grip Hybrid", "action_flag": 2, "change_message": "[{\"changed\": {\"fields\": [\"Has sizes\"]}}]"}}, {"model": "admin.logentry", "pk": 84, "fields": {"action_time": "2022-09-09T19:04:19.981Z", "user": 1, "content_type": 14, "object_id": "9", "object_repr": "Puma Future Z One Grip 3 NC", "action_flag": 2, "change_message": "[{\"changed\": {\"fields\": [\"Has sizes\"]}}]"}}, {"model": "admin.logentry", "pk": 85, "fields": {"action_time": "2022-09-09T19:04:25.525Z", "user": 1, "content_type": 14, "object_id": "19", "object_repr": "adidas Tierro GK Pants", "action_flag": 2, "change_message": "[{\"changed\": {\"fields\": [\"Has sizes\"]}}]"}}, {"model": "admin.logentry", "pk": 86, "fields": {"action_time": "2022-09-09T19:04:31.298Z", "user": 1, "content_type": 14, "object_id": "20", "object_repr": "adidas Tierro 3/4 Length GK Pants", "action_flag": 2, "change_message": "[{\"changed\": {\"fields\": [\"Has sizes\"]}}]"}}, {"model": "admin.logentry", "pk": 87, "fields": {"action_time": "2022-09-09T19:04:35.936Z", "user": 1, "content_type": 14, "object_id": "21", "object_repr": "Nike Dry Gardien I Padded GK Pants", "action_flag": 2, "change_message": "[{\"changed\": {\"fields\": [\"Has sizes\"]}}]"}}, {"model": "admin.logentry", "pk": 88, "fields": {"action_time": "2022-09-09T19:04:40.406Z", "user": 1, "content_type": 14, "object_id": "22", "object_repr": "G-Form Pro-X Pants", "action_flag": 2, "change_message": "[{\"changed\": {\"fields\": [\"Has sizes\"]}}]"}}, {"model": "admin.logentry", "pk": 89, "fields": {"action_time": "2022-09-16T10:57:10.059Z", "user": 1, "content_type": 16, "object_id": "2", "object_repr": "E08B33610C3143A3B15575547017F6B6", "action_flag": 3, "change_message": ""}}, {"model": "admin.logentry", "pk": 90, "fields": {"action_time": "2022-09-16T10:57:10.061Z", "user": 1, "content_type": 16, "object_id": "1", "object_repr": "D54CD21D1E6C4DC6BB3263A7A1A20A41", "action_flag": 3, "change_message": ""}}, {"model": "admin.logentry", "pk": 91, "fields": {"action_time": "2022-09-16T10:58:30.892Z", "user": 1, "content_type": 16, "object_id": "3", "object_repr": "10708829DF4246599CB3CEA04F7487AF", "action_flag": 2, "change_message": "[{\"changed\": {\"name\": \"order line item\", \"object\": \"SKU gkcap5 from order 10708829DF4246599CB3CEA04F7487AF\", \"fields\": [\"Quantity\"]}}]"}}, {"model": "admin.logentry", "pk": 92, "fields": {"action_time": "2022-09-16T10:58:56.823Z", "user": 1, "content_type": 16, "object_id": "3", "object_repr": "10708829DF4246599CB3CEA04F7487AF", "action_flag": 3, "change_message": ""}}, {"model": "admin.logentry", "pk": 93, "fields": {"action_time": "2022-09-16T11:30:43.882Z", "user": 1, "content_type": 16, "object_id": "4", "object_repr": "C667EDD82EF547EBB4CA2A3F97F40421", "action_flag": 3, "change_message": ""}}, {"model": "admin.logentry", "pk": 94, "fields": {"action_time": "2022-09-19T14:09:39.449Z", "user": 1, "content_type": 16, "object_id": "5", "object_repr": "FB37849DFDE542478656F6DE047B32B1", "action_flag": 3, "change_message": ""}}, {"model": "admin.logentry", "pk": 95, "fields": {"action_time": "2022-09-19T14:09:39.453Z", "user": 1, "content_type": 16, "object_id": "14", "object_repr": "E41C8A605D3F47E9939CC42D60D1FD6E", "action_flag": 3, "change_message": ""}}, {"model": "admin.logentry", "pk": 96, "fields": {"action_time": "2022-09-19T14:09:39.455Z", "user": 1, "content_type": 16, "object_id": "7", "object_repr": "C810F04F1D12430791E546CD4BBF783A", "action_flag": 3, "change_message": ""}}, {"model": "admin.logentry", "pk": 97, "fields": {"action_time": "2022-09-19T14:09:39.457Z", "user": 1, "content_type": 16, "object_id": "13", "object_repr": "B2AE4C0A482641B8B9E0914269CF0291", "action_flag": 3, "change_message": ""}}, {"model": "admin.logentry", "pk": 98, "fields": {"action_time": "2022-09-19T14:09:39.459Z", "user": 1, "content_type": 16, "object_id": "8", "object_repr": "B246A2472FFE44C2838432EB4D19EE05", "action_flag": 3, "change_message": ""}}, {"model": "admin.logentry", "pk": 99, "fields": {"action_time": "2022-09-19T14:09:39.461Z", "user": 1, "content_type": 16, "object_id": "9", "object_repr": "A94B75DFFDB042E8B1B6292A38E228BB", "action_flag": 3, "change_message": ""}}, {"model": "admin.logentry", "pk": 100, "fields": {"action_time": "2022-09-19T14:09:39.463Z", "user": 1, "content_type": 16, "object_id": "17", "object_repr": "96CC861337A14F41BC1137BDE65DC8ED", "action_flag": 3, "change_message": ""}}, {"model": "admin.logentry", "pk": 101, "fields": {"action_time": "2022-09-19T14:09:39.465Z", "user": 1, "content_type": 16, "object_id": "12", "object_repr": "907AD1DB3C0348EE87ED36D4A7406B49", "action_flag": 3, "change_message": ""}}, {"model": "admin.logentry", "pk": 102, "fields": {"action_time": "2022-09-19T14:09:39.467Z", "user": 1, "content_type": 16, "object_id": "11", "object_repr": "8F36D1F696A0458D8009293F8F8F748A", "action_flag": 3, "change_message": ""}}, {"model": "admin.logentry", "pk": 103, "fields": {"action_time": "2022-09-19T14:09:39.469Z", "user": 1, "content_type": 16, "object_id": "6", "object_repr": "86486DC3737647428B3BB91C22BB501B", "action_flag": 3, "change_message": ""}}, {"model": "admin.logentry", "pk": 104, "fields": {"action_time": "2022-09-19T14:09:39.471Z", "user": 1, "content_type": 16, "object_id": "15", "object_repr": "481FA82EF659469E85BE2A295E2F92A8", "action_flag": 3, "change_message": ""}}, {"model": "admin.logentry", "pk": 105, "fields": {"action_time": "2022-09-19T14:09:39.473Z", "user": 1, "content_type": 16, "object_id": "16", "object_repr": "4011595FD40A4D6698BD7F4F9565FAFA", "action_flag": 3, "change_message": ""}}, {"model": "admin.logentry", "pk": 106, "fields": {"action_time": "2022-09-19T14:09:39.475Z", "user": 1, "content_type": 16, "object_id": "10", "object_repr": "332B8DFD0F64462D96A50B8CCC5855D2", "action_flag": 3, "change_message": ""}}, {"model": "admin.logentry", "pk": 107, "fields": {"action_time": "2022-09-19T16:46:47.300Z", "user": 1, "content_type": 14, "object_id": "30", "object_repr": "test2", "action_flag": 3, "change_message": ""}}, {"model": "admin.logentry", "pk": 108, "fields": {"action_time": "2022-09-19T16:46:47.302Z", "user": 1, "content_type": 14, "object_id": "29", "object_repr": "test", "action_flag": 3, "change_message": ""}}, {"model": "auth.user", "pk": 1, "fields": {"password": "pbkdf2_sha256$260000$AOusqDfkHOHpsFyewN9cqN$ghV6UVB0zg1oGbJIFK7pleC2ygoUa82c30IBY7MygKo=", "last_login": "2022-09-20T11:31:37.480Z", "is_superuser": true, "username": "Admin", "first_name": "", "last_name": "", "email": "", "is_staff": true, "is_active": true, "date_joined": "2022-09-05T14:42:53.635Z", "groups": [], "user_permissions": []}}, {"model": "auth.user", "pk": 2, "fields": {"password": "pbkdf2_sha256$260000$0ZQiJOKIsn9ZLaauxqGC83$awJKXya1ps9mBDU7oj9d3gxzemSQjuvWubbrgA1LN5E=", "last_login": "2022-09-19T17:42:25.914Z", "is_superuser": false, "username": "testytest", "first_name": "", "last_name": "", "email": "test@test.com", "is_staff": false, "is_active": true, "date_joined": "2022-09-19T10:17:35.596Z", "groups": [], "user_permissions": []}}, {"model": "sessions.session", "pk": "04pooqqin74tkkgp5jn4m45cxpo6inak", "fields": {"session_data": ".eJxVjsEOgyAQRP9lz4bAAhY49t5vMAtsqrXRRPBk_Pdq46G9zGHmzWQ26GitfbcWXrohQwAFza8XKY08nUF-0fScRZqnugxRnIi40iIec-b3_WL_Bnoq_dGOyIzG-Niytt4yaa-cyhkVaxMNWemjxqR0m3zrpXUpJStJ3YxEZ507RiOVkSuE7fgYsAGEoBrQX0ULQe_7ByiOPzs:1oXj4p:R6aYhMDZuhgzzL2UxkxG281uSJLTT5y1_9cP95pJQhM", "expire_date": "2022-09-26T13:02:15.957Z"}}, {"model": "sessions.session", "pk": "2w20bhjovssfxs1tvmp7211jpyqh90az", "fields": {"session_data": ".eJyrVkpKLM5OLVGyqlYyBBGZJam5xfFJlfHFmVWpIIFcJSvD2lodJUNLrNLFQGkdpRywotpaABkdGfk:1oXjIY:eMLyE63Vd9b4E4ufZ7y2HLTD9KL4a33WiPBU6gppIY8", "expire_date": "2022-09-26T13:16:26.267Z"}}, {"model": "sessions.session", "pk": "4eoje458hfd9jq5y5mapi95fw6e2xhtv", "fields": {"session_data": "eyJiYXNrZXQiOnsiMSI6eyJpdGVtc19ieV9zaXplIjp7Im0iOjEsImwiOjF9fX19:1oXl4a:JIThWjx0y7GJlpY2ha3jtgJI7FNZo3HGLuyPL5fL1W4", "expire_date": "2022-09-26T15:10:08.548Z"}}, {"model": "sessions.session", "pk": "6mk90dz5dxyppabp8q4x7mthl4oqy5tp", "fields": {"session_data": "eyJiYXNrZXQiOnsiMSI6eyJpdGVtc19ieV9zaXplIjp7Im0iOjN9fX19:1oXjx6:hullH931UXaxg6znz8it8mL_U6AzSaN9moHaDKnjB9I", "expire_date": "2022-09-26T13:58:20.281Z"}}, {"model": "sessions.session", "pk": "agzwquzpqx3gmki8nkaxwzfxoup0acrb", "fields": {"session_data": ".eJxVjDsOwjAQBe_iGln-Y1PS5wzW7nqFA8iW4qRC3B0ipYD2zcx7iQzbWvM2eMlzERehxel3Q6AHtx2UO7Rbl9Tbuswod0UedMipF35eD_fvoMKo3xoNs3EuYWDrk2ewSUdditFsHTrwKqE1pG2gFJLykYi8An12ykQfo3h_ANIHNt8:1oVXOY:dcWubyJVmRLk5fpjNpwnBhj6EzLK7e3saMwv5F9l4w0", "expire_date": "2022-09-20T12:09:34.318Z"}}, {"model": "sessions.session", "pk": "d3i0hk58k60t84qjk07dwg6ngrsxoq80", "fields": {"session_data": ".eJxVjMsOwiAQRf-FtSEML6FL9_0GMsDEogZMaRON8d-1SRe6vefc82IB12UKa6c5lMwGBuzwu0VMV6obyBes58ZTq8tcIt8UvtPOx5bpdtrdv8CEffq-oySSWvtoSRlvCJUHBzlLIKWjRiN8VDKBsslbL4xLKRmBcNRCOuPcFu3Ue2k10ONe5icbQApvhXh_ANz9P04:1oab34:Fhf6hqrRV2MHfJxatbNDw1wzyJLaqsrmk8a1VQioCsk", "expire_date": "2022-10-04T11:04:18.182Z"}}, {"model": "sessions.session", "pk": "h3uwk352en6h222b0l2iikpdg85zkppj", "fields": {"session_data": ".eJxVjMsOwiAQRf-FtSE8K3Tpvt9AhmFiUQMG2kRj_Hdt0oVu7zn3vFiAdZnD2qmFnNjIJDv8bhHwSmUD6QLlXDnWsrQc-abwnXY-1US30-7-BWbo8_cdFZEyxseBtPWWQHvpZEpKkjbRgBU-aoVSD-gHL6xDRCtAHo1Qzjq3RTv1nmsJ9Ljn9mSjeH8AZck-HA:1oabTV:tszdpLynsTIepYHN5rBGcaRL1if9J1nVMf6VT2vKfkA", "expire_date": "2022-10-04T11:31:37.606Z"}}, {"model": "sessions.session", "pk": "hdmyiqjigglu8kx2a4roxohc3tcngm58", "fields": {"session_data": "e30:1oaDmm:3WUumaBH_6Hv_ARhGbE-yWNfs3PjlfVwKgUEQERMV8k", "expire_date": "2022-10-03T10:13:56.147Z"}}, {"model": "sessions.session", "pk": "nsr54wbxtlxocoqe7staljapwmnik4a4", "fields": {"session_data": "e30:1oZFAc:29b_80yXrbNq0o0EnVTlpMON7CPGV3OAySn4T0KlzWQ", "expire_date": "2022-09-30T17:30:30.858Z"}}, {"model": "sessions.session", "pk": "o9udp8i97qet3dweyq0ruva0qkxnncnf", "fields": {"session_data": "e30:1oaDJe:UKBRhfPz9O7RFIobpM44Q27WV6AiHFyg1gyd1V03QpQ", "expire_date": "2022-10-03T09:43:50.203Z"}}, {"model": "sessions.session", "pk": "osdyvl24shgjdq7t4omvswpmgct9x409", "fields": {"session_data": "eyJiYXNrZXQiOnsiMSI6eyJpdGVtc19ieV9zaXplIjp7Im0iOjl9fX19:1oXjhJ:1-1JETPWCe8Uk3sN9dvW25DRHiZUH2bgZRaXzRg0Hbs", "expire_date": "2022-09-26T13:42:01.176Z"}}, {"model": "sessions.session", "pk": "ycdpwl9mvonygk0aej81plob5ehmcy98", "fields": {"session_data": "e30:1oaD6a:9KOESQLDamxZ7bbBzqfjJudPoiOnnrE25F7vWJrpLuY", "expire_date": "2022-10-03T09:30:20.844Z"}}, {"model": "sites.site", "pk": 1, "fields": {"domain": "gkireland.example.com", "name": "GK Ireland"}}, {"model": "account.emailaddress", "pk": 1, "fields": {"user": 1, "email": "admin@example.com", "verified": true, "primary": true}}, {"model": "account.emailaddress", "pk": 2, "fields": {"user": 2, "email": "test@test.com", "verified": true, "primary": true}}, {"model": "products.category", "pk": 1, "fields": {"name": "Adults"}}, {"model": "products.category", "pk": 2, "fields": {"name": "Kids"}}, {"model": "products.category", "pk": 3, "fields": {"name": "Pants"}}, {"model": "products.category", "pk": 4, "fields": {"name": "Caps"}}, {"model": "products.product", "pk": 1, "fields": {"category": 1, "sku": "gkgloves1", "name": "Nike GK Phantom Elite", "description": "Haunt the opposition with match-winning saves like the pros in the Nike GK Phantom Elite goalkeeper gloves in Polarized Blue/Yellow Strike, which have grippy, durable foam for blocking shots and flexible fabric which lets your hands move comfortably.", "has_sizes": true, "price": "115.00", "image_url": "https://www.prodirectsoccer.com/ProductImages/Thumbs/269539_Thumb_1184158.jpg?impolicy=thumb&imwidth=356", "image": "gkgloves1.jpg"}}, {"model": "products.product", "pk": 2, "fields": {"category": 1, "sku": "gkgloves2", "name": "Nike GK Vapor Grip", "description": "Make big saves with the Nike GK Vapor Grip 3 goalkeeper glove in Yellow Strike/White/Black, which features an updated pattern on the palm that wraps around the back of the hand to achieve the perfect fit, and foam cushioning with All Conditions Control technology for grip in wet and dry conditions.", "has_sizes": true, "price": "85.00", "image_url": "https://www.prodirectsoccer.com/ProductImages/Thumbs/269542_Thumb_1184169.jpg?impolicy=thumb&imwidth=356", "image": "gkgloves2.jpg"}}, {"model": "products.product", "pk": 3, "fields": {"category": 1, "sku": "gkgloves3", "name": "Nike GK Grip", "description": "Be the deciding factor wearing Nike GK Grip 3 goalkeeper gloves in Yellow Strike/White/Black, featuring Grip3 technology for superior control on the ball.", "has_sizes": true, "price": "50.00", "image_url": "https://www.prodirectsoccer.com/ProductImages/Thumbs/269543_Thumb_1184263.jpg?impolicy=thumb&imwidth=356", "image": "gkgloves3.jpg"}}, {"model": "products.product", "pk": 4, "fields": {"category": 1, "sku": "gkgloves4", "name": "adidas X GL League", "description": "React instantly wearing adidas X Speedportal League goalkeeper gloves in Solar Green/Black/Solar Yellow, featuring a lightweight, anatomical design for a second-skin feel.", "has_sizes": true, "price": "55.00", "image_url": "https://www.prodirectsoccer.com/ProductImages/Thumbs/266321_Thumb_1187382.jpg?impolicy=thumb&imwidth=356", "image": "gkgloves4.jpg"}}, {"model": "products.product", "pk": 5, "fields": {"category": 1, "sku": "gkgloves5", "name": "adidas X GL Training", "description": "React instantly wearing adidas X Speedportal Training goalkeeper gloves in Solar Green/Black/Solar Yellow, featuring a lightweight, anatomical design for a second-skin feel.", "has_sizes": true, "price": "22.00", "image_url": "https://www.prodirectsoccer.com/ProductImages/Thumbs/266354_Thumb_1181323.jpg?impolicy=thumb&imwidth=356", "image": "gkgloves5.jpg"}}, {"model": "products.product", "pk": 6, "fields": {"category": 1, "sku": "gkgloves6", "name": "Adidas Predator GL Pro", "description": "Get the edge on your rivals with adidas Predator Pro Hybrid Promo goalkeeper gloves in Solar Red/Team Solar Green/Team Solar Green, featuring Zone Skin grip elements on the fingers and backhand for confident, comfortable punching.", "has_sizes": true, "price": "110.00", "image_url": "https://www.prodirectsoccer.com/ProductImages/Thumbs/266311_Thumb_1187415.jpg?impolicy=thumb&imwidth=356", "image": "gkgloves6.jpg"}}, {"model": "products.product", "pk": 7, "fields": {"category": 1, "sku": "gkgloves7", "name": "Puma Ultra Grip Hybrid", "description": "Be the wall your team needs with PUMA Ultra Grip 1 Hybrid Pro goalkeeper gloves in Puma Black/Elektro Aqua, featuring GRDXKN texturing on the backhand for improved control over punches.", "has_sizes": true, "price": "90.00", "image_url": "https://www.prodirectsoccer.com/ProductImages/Thumbs/262410_Thumb_1185450.jpg?impolicy=thumb&imwidth=356", "image": "gkgloves7.jpg"}}, {"model": "products.product", "pk": 8, "fields": {"category": 1, "sku": "gkglove8", "name": "Puma Ultra Protect 2 RC", "description": "Make big saves with confidence wearing PUMA Ultra Protect 2 RC goalkeeper gloves in Parisian Night/Fizzy Light, featuring fixed finger spines to reduce the risk of impact injury when facing powerful shots.", "has_sizes": true, "price": "70.00", "image_url": "https://www.prodirectsoccer.com/ProductImages/Thumbs/262393_Thumb_1193292.jpg?impolicy=thumb&imwidth=356", "image": "gkgloves8.jpg"}}, {"model": "products.product", "pk": 9, "fields": {"category": 1, "sku": "gkgloves9", "name": "Puma Future Z One Grip 3 NC", "description": "Be the wall your team needs with PUMA Future Z Grip 3 NC goalkeeper gloves in Fizzy Light/Parisian Night, featuring a negative cut for a tighter feel.", "has_sizes": true, "price": "30.00", "image_url": "https://www.prodirectsoccer.com/ProductImages/Thumbs/262388_Thumb_1187702.jpg?impolicy=thumb&imwidth=356", "image": "gkgloves9.jpg"}}, {"model": "products.product", "pk": 10, "fields": {"category": 1, "sku": "gkgloves10", "name": "AB1 Undici Pro Roll", "description": "Make saves like a true pro wearing AB1 Undici THG Pro Roll goalkeeper gloves in White/Fire Red, a signature glove as worn by Tom Heaton.", "has_sizes": true, "price": "70.00", "image_url": "https://www.prodirectsoccer.com/ProductImages/Thumbs/273613_Thumb_1202712.jpg?impolicy=thumb&imwidth=356", "image": "gkgloves10.jpg"}}, {"model": "products.product", "pk": 11, "fields": {"category": 1, "sku": "gkgloves11", "name": "AB1 Uno 2.0.1 Lite Pro", "description": "Perform at your best in all conditions with AB1 Uno 2.0 Lite Pro goalkeeper gloves in White/Black/Neon.", "has_sizes": true, "price": "60.00", "image_url": "https://www.prodirectsoccer.com/ProductImages/Thumbs/273610_Thumb_1202677.jpg?impolicy=thumb&imwidth=356", "image": "gkgloves11.jpg"}}, {"model": "products.product", "pk": 12, "fields": {"category": 1, "sku": "gkgloves12", "name": "AB1 Undici 2.0 Galactico", "description": "Lead the next generation of goalkeeping with AB1 Undici 2.0 Smartfit SBR Galattico goalkeeper gloves in Volt/Blue.", "has_sizes": true, "price": "75.00", "image_url": "https://www.prodirectsoccer.com/ProductImages/Thumbs/258952_Thumb_1035953.jpg?impolicy=thumb&imwidth=356", "image": "gkgloves12.jpg"}}, {"model": "products.product", "pk": 13, "fields": {"category": 2, "sku": "gkgloves13", "name": "Nike Kids GK Match 1", "description": "Help your side to victory with the Nike Kids GK Match Goalkeeper Gloves in Yellow Strike/White/Black, which are perfect for kickabouts or training with your team thanks to the smooth latex foam on the palm that creates grip in varied conditions.", "has_sizes": true, "price": "17.00", "image_url": "https://www.prodirectsoccer.com/ProductImages/Thumbs/269544_Thumb_1190382.jpg?impolicy=thumb&imwidth=356", "image": "gkgloves13.jpg"}}, {"model": "products.product", "pk": 14, "fields": {"category": 2, "sku": "gkgloves14", "name": "adidas Kids X GL League", "description": "React instantly wearing adidas X Kids Speedportal League goalkeeper gloves in Solar Green/Black/Solar Yellow, featuring a lightweight, anatomical design for a second-skin feel.", "has_sizes": true, "price": "28.00", "image_url": "https://www.prodirectsoccer.com/ProductImages/Thumbs/266325_Thumb_1181289.jpg?impolicy=thumb&imwidth=356", "image": "gkgloves14.jpg"}}, {"model": "products.product", "pk": 15, "fields": {"category": 2, "sku": "gkgloves15", "name": "adidas Kids Predator GL Pro", "description": "Get the edge on your rivals with adidas Kids Predator Pro goalkeeper gloves in Solar Red/Team Solar Green/Team Solar Green, featuring Zone Skin grip elements on the fingers and backhand for confident, comfortable punching.", "has_sizes": true, "price": "43.00", "image_url": "https://www.prodirectsoccer.com/ProductImages/Thumbs/266322_Thumb_1186005.jpg?impolicy=thumb&imwidth=356", "image": "gkgloves15.jpg"}}, {"model": "products.product", "pk": 16, "fields": {"category": 2, "sku": "gkgloves16", "name": "Puma Kids Ultra Grip 2 RC", "description": "Be the wall your team needs with PUMA Kids Ultra Grip 2 Regular Cut goalkeeper gloves in Fizzy Light/Parisian Night, featuring a new ultra-thin body material on the backhand for enhanced comfort.", "has_sizes": true, "price": "40.00", "image_url": "https://www.prodirectsoccer.com/ProductImages/Thumbs/262396_Thumb_1202894.jpg?impolicy=thumb&imwidth=356", "image": "gkgloves16.jpg"}}, {"model": "products.product", "pk": 17, "fields": {"category": 2, "sku": "gkgloves17", "name": "Puma Ultra Grip 1 Junior RC", "description": "Be the wall your team needs with PUMA Ultra Grip 1 Junior Regular Cut goalkeeper gloves in Neon Citrus/Diamond Silver/Puma Black, featuring a new ultra-thin body material on the backhand for enhanced comfort.", "has_sizes": true, "price": "40.00", "image_url": "https://www.prodirectsoccer.com/ProductImages/Thumbs/253505_Thumb_1096239.jpg?impolicy=thumb&imwidth=356", "image": "gkgloves17.jpg"}}, {"model": "products.product", "pk": 18, "fields": {"category": 2, "sku": "gkgloves18", "name": "AB1 Kids Undici THG Pro Roll", "description": "Make saves like a true pro wearing AB1 Kids Undici THG Pro Roll goalkeeper gloves in White/Fire Red, a signature glove as worn by Tom Heaton.", "has_sizes": true, "price": "65.00", "image_url": "https://www.prodirectsoccer.com/ProductImages/Thumbs/273613_Thumb_1211279.jpg?impolicy=thumb&imwidth=356", "image": "gkgloves18.jpg"}}, {"model": "products.product", "pk": 19, "fields": {"category": 3, "sku": "gkpants1", "name": "adidas Tierro GK Pants", "description": "Total confidence can be inspired, the Tierro GK Pants in Black provide strategic padding so that you can focus on your own performance, make every performance better than the last.", "has_sizes": true, "price": "28.00", "image_url": "https://www.prodirectsoccer.com/ProductImages/Thumbs/242110_Thumb_0945349.jpg?impolicy=thumb&imwidth=356", "image": "gkpants1.jpg"}}, {"model": "products.product", "pk": 20, "fields": {"category": 3, "sku": "gkpants2", "name": "adidas Tierro 3/4 Length GK Pants", "description": "Total confidence can be inspired, the Tierro ¾ Length GK Pants in Black provide strategic padding so that you can focus on your own performance, make every performance better than the last.", "has_sizes": true, "price": "24.00", "image_url": "https://www.prodirectsoccer.com/ProductImages/Thumbs/242111_Thumb_0945161.jpg?impolicy=thumb&imwidth=356", "image": "gkpants2.jpg"}}, {"model": "products.product", "pk": 21, "fields": {"category": 3, "sku": "gkpants3", "name": "Nike Dry Gardien I Padded GK Pants", "description": "When you focus completely, the saves look after themselves, in the Nike Dry Gardien I Padded GK Pant which is designed with comfort and cushioning in mind.", "has_sizes": true, "price": "55.00", "image_url": "https://www.prodirectsoccer.com/ProductImages/Thumbs/229709_Thumb_0778032.jpg?impolicy=thumb&imwidth=356", "image": "gkpants3.jpg"}}, {"model": "products.product", "pk": 22, "fields": {"category": 3, "sku": "gkpants4", "name": "G-Form Pro-X Pants", "description": "With a series of impact-absorbing RPT pads shielding you, the G-Form Pro-X Pants provide professional-level protection whatever the game throws at you.", "has_sizes": true, "price": "140.00", "image_url": "https://www.prodirectsoccer.com/ProductImages/Thumbs/163071.jpg?impolicy=thumb&imwidth=356", "image": "gkpants4.jpg"}}, {"model": "products.product", "pk": 23, "fields": {"category": 4, "sku": "gkcap1", "name": "Nike Aerobill Tailwind Elite Cap", "description": "Bring lightweight style with the Nike Aerobill Tailwind Featherlight Elite Cap, featuring ventilated design and AeroBill technology for enhanced breathability wherever you are.", "has_sizes": true, "price": "23.00", "image_url": "https://www.prodirectsoccer.com/ProductImages/Thumbs/226761_Thumb_0718828.jpg?impolicy=thumb&imwidth=356", "image": "gkcap1.jpg"}}, {"model": "products.product", "pk": 24, "fields": {"category": 4, "sku": "gkcap2", "name": "Nike Sporstwear H86 Cap Essential Swoosh", "description": "Complete your outfit with the classic sporty look of the Nike Sportswear Heritage 86 Cap Essential Swoosh, offering up a classic style and comfortable fit that is perfect for the summer.", "has_sizes": true, "price": "18.00", "image_url": "https://www.prodirectsoccer.com/ProductImages/Thumbs/221589_Thumb_0707516.jpg?impolicy=thumb&imwidth=356", "image": "gkcap2.jpg"}}, {"model": "products.product", "pk": 25, "fields": {"category": 4, "sku": "gkcap3", "name": "adidas 21/22 Real Madrid Training cap", "description": "Celebrate 15 years of Teamgeist wearing the adidas Real Madrid 21/22 Training Cap in White/Night Navy, featuring details inspired by the original collection from 2006.", "has_sizes": true, "price": "18.00", "image_url": "https://www.prodirectsoccer.com/ProductImages/Thumbs/248824_Thumb_1005875.jpg?impolicy=thumb&imwidth=356", "image": "gkcap3.jpg"}}, {"model": "products.product", "pk": 26, "fields": {"category": 4, "sku": "gkcap4", "name": "adidas Manchester United 21/22 Training cap", "description": "Celebrate 15 years of Teamgeist wearing the adidas Manchester United 21/22 Training Cap in Black/Real Red/White, featuring details inspired by the original collection from 2006.", "has_sizes": true, "price": "18.00", "image_url": "https://www.prodirectsoccer.com/ProductImages/Thumbs/248805_Thumb_1005758.jpg?impolicy=thumb&imwidth=356", "image": "gkcap4.jpg"}}, {"model": "products.product", "pk": 27, "fields": {"category": 4, "sku": "gkcap5", "name": "Puma KRU E Sports Cap", "description": "Join the KRU with the PUMA KRU E Sports Cap in Puma Black/Fuchsia, as worn by the team’s professional players and Sergio Aguero himself.", "has_sizes": true, "price": "20.00", "image_url": "https://www.prodirectsoccer.com/ProductImages/Thumbs/244744_Thumb_1001571.jpg?impolicy=thumb&imwidth=356", "image": "gkcap5.jpg"}}, {"model": "products.product", "pk": 28, "fields": {"category": 4, "sku": "gkcap6", "name": "Puma AC Milan 22/23 Football Culture Cap", "description": "Back the Rossoneri on the streets and in the stands of the San Siro with the PUMA AC Milan 22/23 Football Culture BB Cap in PUMA Black/Tango Red.", "has_sizes": true, "price": "18.00", "image_url": "https://www.prodirectsoccer.com/ProductImages/Thumbs/264265_Thumb_1213722.jpg?impolicy=thumb&imwidth=356", "image": "gkcap6.jpg"}}, {"model": "checkout.order", "pk": 18, "fields": {"order_number": "7637EABD3CB945D79D85613F99486F07", "user_profile": null, "name": "Joey", "email": "wojikal712@orlydns.com", "phone": "35443534543", "country": "US", "town_or_city": "Anywhere", "address_line1": "hahahah", "address_line2": "ajajajaja", "county": "Anycounty", "postcode": "12345", "date": "2022-09-19T14:48:30.714Z", "order_total": "18.00", "delivery_charge": "1.80", "grand_total": "19.80", "original_basket": "{\"26\": {\"items_by_size\": {\"m\": 1}}}", "stripe_pid": "pi_3LjlFCCT9xLmXH9c1VaNtWhI"}}, {"model": "checkout.orderlineitem", "pk": 23, "fields": {"order": 18, "product": 26, "product_size": "m", "quantity": 1, "lineitem_total": "18.00"}}, {"model": "user_profiles.userprofile", "pk": 1, "fields": {"user": 1, "default_phone": null, "default_address_line1": null, "default_address_line2": null, "default_town_or_city": null, "default_county": null, "default_postcode": null, "default_country": null}}, {"model": "user_profiles.userprofile", "pk": 2, "fields": {"user": 2, "default_phone": "35443534543", "default_address_line1": "hahahah", "default_address_line2": "ajajajaja", "default_town_or_city": "Anywhere", "default_county": "Anycounty", "default_postcode": "12345", "default_country": "US"}}]